Slice #,Xt,Yt
1,135.944206008584,194.527896995708
1,136.695278969957,193.776824034335
1,136.695278969957,193.025751072961
1,136.695278969957,192.274678111588
1,137.44635193133,191.523605150215
1,138.197424892704,190.772532188841
1,138.197424892704,190.021459227468
1,138.948497854077,189.270386266094
1,139.699570815451,188.519313304721
1,140.450643776824,187.768240343348
1,140.450643776824,187.017167381974
1,141.201716738197,186.266094420601
1,141.952789699571,185.515021459227
1,141.952789699571,184.763948497854
1,142.703862660944,184.012875536481
1,143.454935622318,183.261802575107
1,143.454935622318,182.510729613734
1,144.206008583691,181.759656652361
1,144.957081545064,181.008583690987
1,144.957081545064,180.257510729614
1,145.708154506438,179.50643776824
1,145.708154506438,178.755364806867
1,146.459227467811,178.004291845494
1,146.459227467811,177.25321888412
1,147.210300429185,176.502145922747
1,147.210300429185,175.751072961373
1,147.961373390558,175
1,148.712446351931,174.248927038627
1,149.463519313305,173.497854077253
1,150.214592274678,172.74678111588
1,150.965665236052,171.995708154506
1,151.716738197425,171.244635193133
1,152.467811158798,171.244635193133
1,153.218884120172,170.49356223176
1,153.969957081545,170.49356223176
1,154.721030042918,169.742489270386
1,155.472103004292,169.742489270386
1,156.223175965665,169.742489270386
1,156.974248927039,168.991416309013
1,157.725321888412,168.991416309013
1,158.476394849785,168.991416309013
1,159.227467811159,168.991416309013
1,159.978540772532,168.991416309013
1,160.729613733906,168.991416309013
1,161.480686695279,168.991416309013
1,162.231759656652,168.991416309013
1,162.982832618026,168.991416309013
1,163.733905579399,168.991416309013
1,164.484978540773,169.742489270386
1,165.236051502146,169.742489270386
1,165.987124463519,169.742489270386
1,166.738197424893,169.742489270386
1,167.489270386266,169.742489270386
1,168.240343347639,169.742489270386
1,168.991416309013,168.991416309013
1,169.742489270386,168.991416309013
1,170.49356223176,168.991416309013
1,171.244635193133,168.991416309013
1,171.995708154506,168.240343347639
1,172.74678111588,168.240343347639
1,173.497854077253,168.240343347639
1,174.248927038627,168.240343347639
1,175,168.240343347639
1,175.751072961373,168.991416309013
1,176.502145922747,169.742489270386
1,177.25321888412,170.49356223176
1,178.004291845494,171.244635193133
1,178.755364806867,171.995708154506
1,179.50643776824,172.74678111588
1,179.50643776824,173.497854077253
1,180.257510729614,174.248927038627
1,180.257510729614,175
1,180.257510729614,175.751072961373
1,180.257510729614,176.502145922747
1,181.008583690987,177.25321888412
1,181.008583690987,178.004291845494
1,180.257510729614,178.755364806867
1,180.257510729614,179.50643776824
1,180.257510729614,180.257510729614
1,180.257510729614,181.008583690987
1,180.257510729614,181.759656652361
1,179.50643776824,182.510729613734
1,179.50643776824,183.261802575107
1,178.755364806867,184.012875536481
1,178.755364806867,184.763948497854
1,178.004291845494,185.515021459227
1,177.25321888412,186.266094420601
1,177.25321888412,187.017167381974
1,176.502145922747,187.768240343348
1,176.502145922747,188.519313304721
1,175.751072961373,189.270386266094
1,175.751072961373,190.021459227468
1,175,190.772532188841
1,175.751072961373,191.523605150215
1,175,192.274678111588
1,175,193.025751072961
1,175,193.776824034335
1,175,194.527896995708
1,174.248927038627,195.278969957082
1,174.248927038627,196.030042918455
1,173.497854077253,196.781115879828
1,173.497854077253,197.532188841202
1,172.74678111588,198.283261802575
1,171.995708154506,199.034334763948
1,171.995708154506,199.785407725322
1,171.244635193133,200.536480686695
1,170.49356223176,201.287553648069
1,169.742489270386,202.038626609442
1,169.742489270386,202.789699570815
1,168.991416309013,203.540772532189
1,168.240343347639,204.291845493562
1,167.489270386266,204.291845493562
1,166.738197424893,205.042918454936
1,165.987124463519,205.793991416309
1,165.236051502146,205.793991416309
1,164.484978540773,205.793991416309
1,163.733905579399,205.793991416309
1,162.982832618026,206.545064377682
1,162.231759656652,205.793991416309
1,161.480686695279,206.545064377682
1,160.729613733906,205.793991416309
1,159.978540772532,206.545064377682
1,159.227467811159,205.793991416309
1,158.476394849785,206.545064377682
1,157.725321888412,205.793991416309
1,156.974248927039,206.545064377682
1,156.223175965665,205.793991416309
1,155.472103004292,206.545064377682
1,154.721030042918,205.793991416309
1,153.969957081545,206.545064377682
1,153.218884120172,206.545064377682
1,152.467811158798,207.296137339056
1,151.716738197425,207.296137339056
1,150.965665236052,207.296137339056
1,150.214592274678,208.047210300429
1,149.463519313305,208.047210300429
1,148.712446351931,208.047210300429
1,147.961373390558,208.798283261803
1,147.210300429185,208.798283261803
1,146.459227467811,208.798283261803
1,145.708154506438,208.047210300429
1,144.957081545064,208.047210300429
1,144.206008583691,208.047210300429
1,143.454935622318,207.296137339056
1,142.703862660944,206.545064377682
1,141.952789699571,205.793991416309
1,141.952789699571,205.042918454936
1,141.201716738197,204.291845493562
1,140.450643776824,203.540772532189
1,140.450643776824,202.789699570815
1,139.699570815451,202.038626609442
1,139.699570815451,201.287553648069
1,138.948497854077,200.536480686695
1,138.197424892704,199.785407725322
1,138.197424892704,199.034334763948
1,137.44635193133,198.283261802575
1,137.44635193133,197.532188841202
1,136.695278969957,196.781115879828
1,136.695278969957,196.030042918455
1,136.695278969957,195.278969957082
1,135.944206008584,194.527896995708
2,137.44635193133,191.523605150215
2,138.197424892704,190.772532188841
2,138.197424892704,190.021459227468
2,138.948497854077,189.270386266094
2,138.948497854077,188.519313304721
2,139.699570815451,187.768240343348
2,140.450643776824,187.017167381974
2,140.450643776824,186.266094420601
2,141.201716738197,185.515021459227
2,141.201716738197,184.763948497854
2,141.952789699571,184.012875536481
2,142.703862660944,183.261802575107
2,142.703862660944,182.510729613734
2,143.454935622318,181.759656652361
2,144.206008583691,181.008583690987
2,144.206008583691,180.257510729614
2,144.957081545064,179.50643776824
2,144.957081545064,178.755364806867
2,145.708154506438,178.004291845494
2,145.708154506438,177.25321888412
2,146.459227467811,176.502145922747
2,146.459227467811,175.751072961373
2,146.459227467811,175
2,147.210300429185,174.248927038627
2,147.210300429185,173.497854077253
2,147.961373390558,172.74678111588
2,148.712446351931,171.995708154506
2,149.463519313305,171.244635193133
2,150.214592274678,171.244635193133
2,150.965665236052,170.49356223176
2,151.716738197425,169.742489270386
2,152.467811158798,169.742489270386
2,153.218884120172,169.742489270386
2,153.969957081545,169.742489270386
2,154.721030042918,168.991416309013
2,155.472103004292,168.991416309013
2,156.223175965665,168.991416309013
2,156.974248927039,168.991416309013
2,157.725321888412,168.991416309013
2,158.476394849785,168.991416309013
2,159.227467811159,168.991416309013
2,159.978540772532,168.991416309013
2,160.729613733906,168.991416309013
2,161.480686695279,168.991416309013
2,162.231759656652,168.991416309013
2,162.982832618026,168.991416309013
2,163.733905579399,168.991416309013
2,164.484978540773,168.991416309013
2,165.236051502146,168.240343347639
2,165.987124463519,168.240343347639
2,166.738197424893,168.240343347639
2,167.489270386266,168.240343347639
2,168.240343347639,168.240343347639
2,168.991416309013,168.240343347639
2,169.742489270386,167.489270386266
2,170.49356223176,167.489270386266
2,171.244635193133,167.489270386266
2,171.995708154506,166.738197424893
2,172.74678111588,166.738197424893
2,173.497854077253,166.738197424893
2,174.248927038627,166.738197424893
2,175,166.738197424893
2,175.751072961373,166.738197424893
2,176.502145922747,167.489270386266
2,177.25321888412,167.489270386266
2,178.004291845494,168.240343347639
2,178.755364806867,168.991416309013
2,179.50643776824,169.742489270386
2,179.50643776824,170.49356223176
2,180.257510729614,171.244635193133
2,180.257510729614,171.995708154506
2,181.008583690987,172.74678111588
2,181.008583690987,173.497854077253
2,181.759656652361,174.248927038627
2,181.759656652361,175
2,181.759656652361,175.751072961373
2,181.759656652361,176.502145922747
2,182.510729613734,177.25321888412
2,181.759656652361,178.004291845494
2,182.510729613734,178.755364806867
2,181.759656652361,179.50643776824
2,181.759656652361,180.257510729614
2,181.008583690987,181.008583690987
2,181.008583690987,181.759656652361
2,181.008583690987,182.510729613734
2,180.257510729614,183.261802575107
2,180.257510729614,184.012875536481
2,179.50643776824,184.763948497854
2,178.755364806867,185.515021459227
2,178.755364806867,186.266094420601
2,178.004291845494,187.017167381974
2,178.004291845494,187.768240343348
2,177.25321888412,188.519313304721
2,177.25321888412,189.270386266094
2,176.502145922747,190.021459227468
2,176.502145922747,190.772532188841
2,176.502145922747,191.523605150215
2,175.751072961373,192.274678111588
2,175.751072961373,193.025751072961
2,175.751072961373,193.776824034335
2,175,194.527896995708
2,175,195.278969957082
2,174.248927038627,196.030042918455
2,174.248927038627,196.781115879828
2,173.497854077253,197.532188841202
2,172.74678111588,198.283261802575
2,172.74678111588,199.034334763948
2,171.995708154506,199.785407725322
2,171.244635193133,200.536480686695
2,170.49356223176,201.287553648069
2,169.742489270386,202.038626609442
2,168.991416309013,202.789699570815
2,168.240343347639,203.540772532189
2,167.489270386266,204.291845493562
2,166.738197424893,204.291845493562
2,165.987124463519,204.291845493562
2,165.236051502146,205.042918454936
2,164.484978540773,204.291845493562
2,163.733905579399,205.042918454936
2,162.982832618026,204.291845493562
2,162.231759656652,205.042918454936
2,161.480686695279,204.291845493562
2,160.729613733906,205.042918454936
2,159.978540772532,204.291845493562
2,159.227467811159,204.291845493562
2,158.476394849785,204.291845493562
2,157.725321888412,204.291845493562
2,156.974248927039,204.291845493562
2,156.223175965665,204.291845493562
2,155.472103004292,204.291845493562
2,154.721030042918,205.042918454936
2,153.969957081545,205.042918454936
2,153.218884120172,205.042918454936
2,152.467811158798,205.793991416309
2,151.716738197425,205.793991416309
2,150.965665236052,205.793991416309
2,150.214592274678,206.545064377682
2,149.463519313305,206.545064377682
2,148.712446351931,206.545064377682
2,147.961373390558,206.545064377682
2,147.210300429185,206.545064377682
2,146.459227467811,206.545064377682
2,145.708154506438,205.793991416309
2,144.957081545064,205.793991416309
2,144.206008583691,205.042918454936
2,143.454935622318,204.291845493562
2,142.703862660944,203.540772532189
2,141.952789699571,202.789699570815
2,141.952789699571,202.038626609442
2,141.201716738197,201.287553648069
2,140.450643776824,200.536480686695
2,140.450643776824,199.785407725322
2,139.699570815451,199.034334763948
2,138.948497854077,198.283261802575
2,138.197424892704,197.532188841202
2,138.197424892704,196.781115879828
2,137.44635193133,196.030042918455
2,137.44635193133,195.278969957082
2,137.44635193133,194.527896995708
2,137.44635193133,193.776824034335
2,137.44635193133,193.025751072961
2,137.44635193133,192.274678111588
2,137.44635193133,191.523605150215
3,138.197424892704,189.270386266094
3,138.948497854077,188.519313304721
3,138.948497854077,187.768240343348
3,139.699570815451,187.017167381974
3,139.699570815451,186.266094420601
3,140.450643776824,185.515021459227
3,140.450643776824,184.763948497854
3,141.201716738197,184.012875536481
3,141.952789699571,183.261802575107
3,141.952789699571,182.510729613734
3,142.703862660944,181.759656652361
3,142.703862660944,181.008583690987
3,143.454935622318,180.257510729614
3,143.454935622318,179.50643776824
3,144.206008583691,178.755364806867
3,144.206008583691,178.004291845494
3,144.957081545064,177.25321888412
3,144.957081545064,176.502145922747
3,145.708154506438,175.751072961373
3,145.708154506438,175
3,146.459227467811,174.248927038627
3,146.459227467811,173.497854077253
3,147.210300429185,172.74678111588
3,147.961373390558,171.995708154506
3,148.712446351931,171.244635193133
3,149.463519313305,171.244635193133
3,150.214592274678,170.49356223176
3,150.965665236052,169.742489270386
3,151.716738197425,169.742489270386
3,152.467811158798,168.991416309013
3,153.218884120172,168.991416309013
3,153.969957081545,168.991416309013
3,154.721030042918,168.240343347639
3,155.472103004292,168.240343347639
3,156.223175965665,168.240343347639
3,156.974248927039,167.489270386266
3,157.725321888412,167.489270386266
3,158.476394849785,167.489270386266
3,159.227467811159,167.489270386266
3,159.978540772532,167.489270386266
3,160.729613733906,167.489270386266
3,161.480686695279,167.489270386266
3,162.231759656652,167.489270386266
3,162.982832618026,167.489270386266
3,163.733905579399,168.240343347639
3,164.484978540773,168.240343347639
3,165.236051502146,168.240343347639
3,165.987124463519,168.240343347639
3,166.738197424893,168.240343347639
3,167.489270386266,168.240343347639
3,168.240343347639,168.240343347639
3,168.991416309013,168.240343347639
3,169.742489270386,168.240343347639
3,170.49356223176,168.240343347639
3,171.244635193133,167.489270386266
3,171.995708154506,167.489270386266
3,172.74678111588,167.489270386266
3,173.497854077253,167.489270386266
3,174.248927038627,167.489270386266
3,175,167.489270386266
3,175.751072961373,167.489270386266
3,176.502145922747,167.489270386266
3,177.25321888412,168.240343347639
3,178.004291845494,168.991416309013
3,178.755364806867,169.742489270386
3,179.50643776824,170.49356223176
3,179.50643776824,171.244635193133
3,180.257510729614,171.995708154506
3,180.257510729614,172.74678111588
3,181.008583690987,173.497854077253
3,181.008583690987,174.248927038627
3,181.008583690987,175
3,181.008583690987,175.751072961373
3,181.008583690987,176.502145922747
3,181.759656652361,177.25321888412
3,181.008583690987,178.004291845494
3,181.759656652361,178.755364806867
3,181.008583690987,179.50643776824
3,181.759656652361,180.257510729614
3,181.008583690987,181.008583690987
3,181.759656652361,181.759656652361
3,181.008583690987,182.510729613734
3,181.008583690987,183.261802575107
3,180.257510729614,184.012875536481
3,180.257510729614,184.763948497854
3,180.257510729614,185.515021459227
3,179.50643776824,186.266094420601
3,179.50643776824,187.017167381974
3,179.50643776824,187.768240343348
3,179.50643776824,188.519313304721
3,178.755364806867,189.270386266094
3,178.755364806867,190.021459227468
3,178.004291845494,190.772532188841
3,178.755364806867,191.523605150215
3,178.004291845494,192.274678111588
3,178.004291845494,193.025751072961
3,177.25321888412,193.776824034335
3,177.25321888412,194.527896995708
3,177.25321888412,195.278969957082
3,177.25321888412,196.030042918455
3,176.502145922747,196.781115879828
3,176.502145922747,197.532188841202
3,175.751072961373,198.283261802575
3,175,199.034334763948
3,175,199.785407725322
3,174.248927038627,200.536480686695
3,173.497854077253,201.287553648069
3,172.74678111588,202.038626609442
3,171.995708154506,202.038626609442
3,171.244635193133,202.789699570815
3,170.49356223176,203.540772532189
3,169.742489270386,204.291845493562
3,168.991416309013,205.042918454936
3,168.240343347639,205.042918454936
3,167.489270386266,205.793991416309
3,166.738197424893,205.793991416309
3,165.987124463519,205.793991416309
3,165.236051502146,205.793991416309
3,164.484978540773,205.793991416309
3,163.733905579399,205.793991416309
3,162.982832618026,205.042918454936
3,162.231759656652,205.042918454936
3,161.480686695279,205.042918454936
3,160.729613733906,205.042918454936
3,159.978540772532,205.042918454936
3,159.227467811159,205.042918454936
3,158.476394849785,205.042918454936
3,157.725321888412,205.042918454936
3,156.974248927039,205.042918454936
3,156.223175965665,205.042918454936
3,155.472103004292,205.042918454936
3,154.721030042918,205.042918454936
3,153.969957081545,205.042918454936
3,153.218884120172,205.793991416309
3,152.467811158798,205.042918454936
3,151.716738197425,205.793991416309
3,150.965665236052,205.793991416309
3,150.214592274678,205.793991416309
3,149.463519313305,205.793991416309
3,148.712446351931,206.545064377682
3,147.961373390558,205.793991416309
3,147.210300429185,205.793991416309
3,146.459227467811,205.793991416309
3,145.708154506438,205.042918454936
3,144.957081545064,204.291845493562
3,144.206008583691,203.540772532189
3,143.454935622318,202.789699570815
3,143.454935622318,202.038626609442
3,142.703862660944,201.287553648069
3,141.952789699571,200.536480686695
3,141.952789699571,199.785407725322
3,141.201716738197,199.034334763948
3,141.201716738197,198.283261802575
3,140.450643776824,197.532188841202
3,139.699570815451,196.781115879828
3,139.699570815451,196.030042918455
3,138.948497854077,195.278969957082
3,138.948497854077,194.527896995708
3,138.948497854077,193.776824034335
3,138.197424892704,193.025751072961
3,138.197424892704,192.274678111588
3,138.197424892704,191.523605150215
3,138.197424892704,190.772532188841
3,138.197424892704,190.021459227468
3,138.197424892704,189.270386266094
4,138.948497854077,190.021459227468
4,139.699570815451,189.270386266094
4,139.699570815451,188.519313304721
4,140.450643776824,187.768240343348
4,140.450643776824,187.017167381974
4,141.201716738197,186.266094420601
4,141.201716738197,185.515021459227
4,141.952789699571,184.763948497854
4,142.703862660944,184.012875536481
4,142.703862660944,183.261802575107
4,143.454935622318,182.510729613734
4,143.454935622318,181.759656652361
4,144.206008583691,181.008583690987
4,144.957081545064,180.257510729614
4,144.957081545064,179.50643776824
4,145.708154506438,178.755364806867
4,145.708154506438,178.004291845494
4,146.459227467811,177.25321888412
4,147.210300429185,176.502145922747
4,147.210300429185,175.751072961373
4,147.961373390558,175
4,147.961373390558,174.248927038627
4,148.712446351931,173.497854077253
4,149.463519313305,172.74678111588
4,150.214592274678,171.995708154506
4,150.965665236052,171.244635193133
4,151.716738197425,170.49356223176
4,152.467811158798,170.49356223176
4,153.218884120172,169.742489270386
4,153.969957081545,169.742489270386
4,154.721030042918,168.991416309013
4,155.472103004292,168.991416309013
4,156.223175965665,168.991416309013
4,156.974248927039,168.240343347639
4,157.725321888412,168.240343347639
4,158.476394849785,168.240343347639
4,159.227467811159,168.240343347639
4,159.978540772532,167.489270386266
4,160.729613733906,168.240343347639
4,161.480686695279,168.240343347639
4,162.231759656652,168.240343347639
4,162.982832618026,168.240343347639
4,163.733905579399,168.240343347639
4,164.484978540773,168.240343347639
4,165.236051502146,168.240343347639
4,165.987124463519,168.240343347639
4,166.738197424893,168.240343347639
4,167.489270386266,168.240343347639
4,168.240343347639,168.240343347639
4,168.991416309013,168.240343347639
4,169.742489270386,168.240343347639
4,170.49356223176,168.240343347639
4,171.244635193133,167.489270386266
4,171.995708154506,167.489270386266
4,172.74678111588,167.489270386266
4,173.497854077253,167.489270386266
4,174.248927038627,166.738197424893
4,175,166.738197424893
4,175.751072961373,166.738197424893
4,176.502145922747,167.489270386266
4,177.25321888412,167.489270386266
4,178.004291845494,168.240343347639
4,178.755364806867,168.240343347639
4,179.50643776824,168.991416309013
4,180.257510729614,169.742489270386
4,180.257510729614,170.49356223176
4,181.008583690987,171.244635193133
4,181.008583690987,171.995708154506
4,181.759656652361,172.74678111588
4,181.759656652361,173.497854077253
4,181.759656652361,174.248927038627
4,182.510729613734,175
4,181.759656652361,175.751072961373
4,182.510729613734,176.502145922747
4,181.759656652361,177.25321888412
4,181.759656652361,178.004291845494
4,181.759656652361,178.755364806867
4,181.759656652361,179.50643776824
4,181.008583690987,180.257510729614
4,181.008583690987,181.008583690987
4,180.257510729614,181.759656652361
4,179.50643776824,182.510729613734
4,179.50643776824,183.261802575107
4,178.755364806867,184.012875536481
4,178.755364806867,184.763948497854
4,178.004291845494,185.515021459227
4,178.004291845494,186.266094420601
4,177.25321888412,187.017167381974
4,177.25321888412,187.768240343348
4,177.25321888412,188.519313304721
4,176.502145922747,189.270386266094
4,176.502145922747,190.021459227468
4,175.751072961373,190.772532188841
4,175.751072961373,191.523605150215
4,175.751072961373,192.274678111588
4,175.751072961373,193.025751072961
4,175,193.776824034335
4,175,194.527896995708
4,175,195.278969957082
4,174.248927038627,196.030042918455
4,174.248927038627,196.781115879828
4,173.497854077253,197.532188841202
4,172.74678111588,198.283261802575
4,172.74678111588,199.034334763948
4,171.995708154506,199.785407725322
4,171.244635193133,200.536480686695
4,170.49356223176,201.287553648069
4,169.742489270386,202.038626609442
4,168.991416309013,202.789699570815
4,168.240343347639,203.540772532189
4,167.489270386266,203.540772532189
4,166.738197424893,204.291845493562
4,165.987124463519,204.291845493562
4,165.236051502146,204.291845493562
4,164.484978540773,204.291845493562
4,163.733905579399,204.291845493562
4,162.982832618026,205.042918454936
4,162.231759656652,204.291845493562
4,161.480686695279,205.042918454936
4,160.729613733906,204.291845493562
4,159.978540772532,205.042918454936
4,159.227467811159,204.291845493562
4,158.476394849785,205.042918454936
4,157.725321888412,204.291845493562
4,156.974248927039,205.042918454936
4,156.223175965665,204.291845493562
4,155.472103004292,205.042918454936
4,154.721030042918,205.042918454936
4,153.969957081545,205.042918454936
4,153.218884120172,205.042918454936
4,152.467811158798,205.042918454936
4,151.716738197425,205.793991416309
4,150.965665236052,205.793991416309
4,150.214592274678,205.793991416309
4,149.463519313305,205.793991416309
4,148.712446351931,205.793991416309
4,147.961373390558,205.793991416309
4,147.210300429185,205.793991416309
4,146.459227467811,205.042918454936
4,145.708154506438,205.042918454936
4,144.957081545064,204.291845493562
4,144.206008583691,203.540772532189
4,143.454935622318,202.789699570815
4,143.454935622318,202.038626609442
4,142.703862660944,201.287553648069
4,142.703862660944,200.536480686695
4,141.952789699571,199.785407725322
4,141.201716738197,199.034334763948
4,141.201716738197,198.283261802575
4,140.450643776824,197.532188841202
4,140.450643776824,196.781115879828
4,140.450643776824,196.030042918455
4,139.699570815451,195.278969957082
4,139.699570815451,194.527896995708
4,139.699570815451,193.776824034335
4,138.948497854077,193.025751072961
4,139.699570815451,192.274678111588
4,138.948497854077,191.523605150215
4,139.699570815451,190.772532188841
4,138.948497854077,190.021459227468
5,138.197424892704,189.270386266094
5,138.948497854077,188.519313304721
5,138.948497854077,187.768240343348
5,138.948497854077,187.017167381974
5,139.699570815451,186.266094420601
5,139.699570815451,185.515021459227
5,140.450643776824,184.763948497854
5,141.201716738197,184.012875536481
5,141.201716738197,183.261802575107
5,141.201716738197,182.510729613734
5,141.952789699571,181.759656652361
5,142.703862660944,181.008583690987
5,142.703862660944,180.257510729614
5,143.454935622318,179.50643776824
5,143.454935622318,178.755364806867
5,144.206008583691,178.004291845494
5,144.206008583691,177.25321888412
5,144.957081545064,176.502145922747
5,145.708154506438,175.751072961373
5,145.708154506438,175
5,146.459227467811,174.248927038627
5,146.459227467811,173.497854077253
5,147.210300429185,172.74678111588
5,147.961373390558,171.995708154506
5,148.712446351931,171.244635193133
5,149.463519313305,170.49356223176
5,150.214592274678,170.49356223176
5,150.965665236052,169.742489270386
5,151.716738197425,168.991416309013
5,152.467811158798,168.991416309013
5,153.218884120172,168.240343347639
5,153.969957081545,168.240343347639
5,154.721030042918,167.489270386266
5,155.472103004292,167.489270386266
5,156.223175965665,167.489270386266
5,156.974248927039,166.738197424893
5,157.725321888412,166.738197424893
5,158.476394849785,166.738197424893
5,159.227467811159,166.738197424893
5,159.978540772532,166.738197424893
5,160.729613733906,166.738197424893
5,161.480686695279,167.489270386266
5,162.231759656652,167.489270386266
5,162.982832618026,167.489270386266
5,163.733905579399,167.489270386266
5,164.484978540773,168.240343347639
5,165.236051502146,168.240343347639
5,165.987124463519,168.240343347639
5,166.738197424893,168.240343347639
5,167.489270386266,168.240343347639
5,168.240343347639,168.240343347639
5,168.991416309013,168.240343347639
5,169.742489270386,167.489270386266
5,170.49356223176,167.489270386266
5,171.244635193133,167.489270386266
5,171.995708154506,166.738197424893
5,172.74678111588,166.738197424893
5,173.497854077253,166.738197424893
5,174.248927038627,166.738197424893
5,175,166.738197424893
5,175.751072961373,166.738197424893
5,176.502145922747,167.489270386266
5,177.25321888412,167.489270386266
5,178.004291845494,168.240343347639
5,178.755364806867,168.991416309013
5,178.755364806867,169.742489270386
5,179.50643776824,170.49356223176
5,180.257510729614,171.244635193133
5,180.257510729614,171.995708154506
5,180.257510729614,172.74678111588
5,181.008583690987,173.497854077253
5,181.008583690987,174.248927038627
5,181.008583690987,175
5,181.008583690987,175.751072961373
5,181.008583690987,176.502145922747
5,181.008583690987,177.25321888412
5,181.759656652361,178.004291845494
5,181.008583690987,178.755364806867
5,181.008583690987,179.50643776824
5,181.008583690987,180.257510729614
5,181.008583690987,181.008583690987
5,180.257510729614,181.759656652361
5,180.257510729614,182.510729613734
5,180.257510729614,183.261802575107
5,179.50643776824,184.012875536481
5,179.50643776824,184.763948497854
5,178.755364806867,185.515021459227
5,178.004291845494,186.266094420601
5,178.004291845494,187.017167381974
5,177.25321888412,187.768240343348
5,177.25321888412,188.519313304721
5,176.502145922747,189.270386266094
5,176.502145922747,190.021459227468
5,175.751072961373,190.772532188841
5,175.751072961373,191.523605150215
5,175,192.274678111588
5,175,193.025751072961
5,175,193.776824034335
5,174.248927038627,194.527896995708
5,174.248927038627,195.278969957082
5,173.497854077253,196.030042918455
5,173.497854077253,196.781115879828
5,172.74678111588,197.532188841202
5,172.74678111588,198.283261802575
5,171.995708154506,199.034334763948
5,171.995708154506,199.785407725322
5,171.244635193133,200.536480686695
5,170.49356223176,201.287553648069
5,170.49356223176,202.038626609442
5,169.742489270386,202.789699570815
5,168.991416309013,203.540772532189
5,168.240343347639,204.291845493562
5,167.489270386266,204.291845493562
5,166.738197424893,205.042918454936
5,165.987124463519,205.042918454936
5,165.236051502146,205.042918454936
5,164.484978540773,205.793991416309
5,163.733905579399,205.042918454936
5,162.982832618026,205.793991416309
5,162.231759656652,205.042918454936
5,161.480686695279,205.793991416309
5,160.729613733906,205.042918454936
5,159.978540772532,205.042918454936
5,159.227467811159,205.042918454936
5,158.476394849785,205.042918454936
5,157.725321888412,205.042918454936
5,156.974248927039,205.042918454936
5,156.223175965665,204.291845493562
5,155.472103004292,205.042918454936
5,154.721030042918,204.291845493562
5,153.969957081545,205.042918454936
5,153.218884120172,205.042918454936
5,152.467811158798,205.042918454936
5,151.716738197425,205.042918454936
5,150.965665236052,205.042918454936
5,150.214592274678,205.793991416309
5,149.463519313305,205.793991416309
5,148.712446351931,205.793991416309
5,147.961373390558,205.793991416309
5,147.210300429185,205.793991416309
5,146.459227467811,205.042918454936
5,145.708154506438,205.042918454936
5,144.957081545064,204.291845493562
5,144.206008583691,203.540772532189
5,143.454935622318,202.789699570815
5,142.703862660944,202.038626609442
5,142.703862660944,201.287553648069
5,141.952789699571,200.536480686695
5,141.952789699571,199.785407725322
5,141.201716738197,199.034334763948
5,141.201716738197,198.283261802575
5,140.450643776824,197.532188841202
5,139.699570815451,196.781115879828
5,139.699570815451,196.030042918455
5,138.948497854077,195.278969957082
5,138.948497854077,194.527896995708
5,138.197424892704,193.776824034335
5,138.197424892704,193.025751072961
5,138.197424892704,192.274678111588
5,138.197424892704,191.523605150215
5,138.197424892704,190.772532188841
5,138.197424892704,190.021459227468
5,138.197424892704,189.270386266094
6,138.197424892704,191.523605150215
6,138.948497854077,190.772532188841
6,138.948497854077,190.021459227468
6,138.948497854077,189.270386266094
6,139.699570815451,188.519313304721
6,139.699570815451,187.768240343348
6,139.699570815451,187.017167381974
6,140.450643776824,186.266094420601
6,140.450643776824,185.515021459227
6,141.201716738197,184.763948497854
6,141.952789699571,184.012875536481
6,141.952789699571,183.261802575107
6,142.703862660944,182.510729613734
6,142.703862660944,181.759656652361
6,143.454935622318,181.008583690987
6,143.454935622318,180.257510729614
6,144.206008583691,179.50643776824
6,144.957081545064,178.755364806867
6,144.957081545064,178.004291845494
6,145.708154506438,177.25321888412
6,145.708154506438,176.502145922747
6,146.459227467811,175.751072961373
6,146.459227467811,175
6,147.210300429185,174.248927038627
6,147.210300429185,173.497854077253
6,147.961373390558,172.74678111588
6,148.712446351931,171.995708154506
6,149.463519313305,171.244635193133
6,150.214592274678,170.49356223176
6,150.965665236052,170.49356223176
6,151.716738197425,169.742489270386
6,152.467811158798,169.742489270386
6,153.218884120172,168.991416309013
6,153.969957081545,168.991416309013
6,154.721030042918,168.240343347639
6,155.472103004292,168.240343347639
6,156.223175965665,167.489270386266
6,156.974248927039,167.489270386266
6,157.725321888412,167.489270386266
6,158.476394849785,167.489270386266
6,159.227467811159,167.489270386266
6,159.978540772532,167.489270386266
6,160.729613733906,167.489270386266
6,161.480686695279,167.489270386266
6,162.231759656652,167.489270386266
6,162.982832618026,167.489270386266
6,163.733905579399,167.489270386266
6,164.484978540773,168.240343347639
6,165.236051502146,168.240343347639
6,165.987124463519,168.240343347639
6,166.738197424893,168.240343347639
6,167.489270386266,168.240343347639
6,168.240343347639,168.240343347639
6,168.991416309013,167.489270386266
6,169.742489270386,167.489270386266
6,170.49356223176,167.489270386266
6,171.244635193133,167.489270386266
6,171.995708154506,166.738197424893
6,172.74678111588,166.738197424893
6,173.497854077253,166.738197424893
6,174.248927038627,166.738197424893
6,175,166.738197424893
6,175.751072961373,166.738197424893
6,176.502145922747,166.738197424893
6,177.25321888412,166.738197424893
6,178.004291845494,167.489270386266
6,178.755364806867,168.240343347639
6,179.50643776824,168.991416309013
6,180.257510729614,169.742489270386
6,180.257510729614,170.49356223176
6,181.008583690987,171.244635193133
6,181.008583690987,171.995708154506
6,181.008583690987,172.74678111588
6,181.008583690987,173.497854077253
6,181.759656652361,174.248927038627
6,181.759656652361,175
6,181.759656652361,175.751072961373
6,181.759656652361,176.502145922747
6,181.759656652361,177.25321888412
6,181.759656652361,178.004291845494
6,181.759656652361,178.755364806867
6,181.759656652361,179.50643776824
6,181.759656652361,180.257510729614
6,181.759656652361,181.008583690987
6,181.008583690987,181.759656652361
6,181.008583690987,182.510729613734
6,181.008583690987,183.261802575107
6,180.257510729614,184.012875536481
6,180.257510729614,184.763948497854
6,179.50643776824,185.515021459227
6,179.50643776824,186.266094420601
6,179.50643776824,187.017167381974
6,178.755364806867,187.768240343348
6,178.755364806867,188.519313304721
6,178.004291845494,189.270386266094
6,178.004291845494,190.021459227468
6,177.25321888412,190.772532188841
6,177.25321888412,191.523605150215
6,176.502145922747,192.274678111588
6,176.502145922747,193.025751072961
6,175.751072961373,193.776824034335
6,175.751072961373,194.527896995708
6,175,195.278969957082
6,175,196.030042918455
6,174.248927038627,196.781115879828
6,173.497854077253,197.532188841202
6,172.74678111588,198.283261802575
6,172.74678111588,199.034334763948
6,171.995708154506,199.785407725322
6,171.244635193133,200.536480686695
6,170.49356223176,201.287553648069
6,169.742489270386,202.038626609442
6,168.991416309013,202.789699570815
6,168.240343347639,202.789699570815
6,167.489270386266,203.540772532189
6,166.738197424893,203.540772532189
6,165.987124463519,203.540772532189
6,165.236051502146,204.291845493562
6,164.484978540773,204.291845493562
6,163.733905579399,204.291845493562
6,162.982832618026,203.540772532189
6,162.231759656652,204.291845493562
6,161.480686695279,203.540772532189
6,160.729613733906,204.291845493562
6,159.978540772532,203.540772532189
6,159.227467811159,203.540772532189
6,158.476394849785,203.540772532189
6,157.725321888412,203.540772532189
6,156.974248927039,203.540772532189
6,156.223175965665,203.540772532189
6,155.472103004292,203.540772532189
6,154.721030042918,203.540772532189
6,153.969957081545,203.540772532189
6,153.218884120172,203.540772532189
6,152.467811158798,203.540772532189
6,151.716738197425,204.291845493562
6,150.965665236052,204.291845493562
6,150.214592274678,204.291845493562
6,149.463519313305,204.291845493562
6,148.712446351931,204.291845493562
6,147.961373390558,204.291845493562
6,147.210300429185,204.291845493562
6,146.459227467811,204.291845493562
6,145.708154506438,203.540772532189
6,144.957081545064,203.540772532189
6,144.206008583691,202.789699570815
6,143.454935622318,202.038626609442
6,142.703862660944,201.287553648069
6,142.703862660944,200.536480686695
6,141.952789699571,199.785407725322
6,141.201716738197,199.034334763948
6,141.201716738197,198.283261802575
6,140.450643776824,197.532188841202
6,139.699570815451,196.781115879828
6,139.699570815451,196.030042918455
6,138.948497854077,195.278969957082
6,138.948497854077,194.527896995708
6,138.948497854077,193.776824034335
6,138.197424892704,193.025751072961
6,138.948497854077,192.274678111588
6,138.197424892704,191.523605150215
7,138.948497854077,189.270386266094
7,139.699570815451,188.519313304721
7,139.699570815451,187.768240343348
7,139.699570815451,187.017167381974
7,140.450643776824,186.266094420601
7,140.450643776824,185.515021459227
7,141.201716738197,184.763948497854
7,141.952789699571,184.012875536481
7,141.952789699571,183.261802575107
7,142.703862660944,182.510729613734
7,142.703862660944,181.759656652361
7,143.454935622318,181.008583690987
7,143.454935622318,180.257510729614
7,144.206008583691,179.50643776824
7,144.206008583691,178.755364806867
7,144.957081545064,178.004291845494
7,144.957081545064,177.25321888412
7,145.708154506438,176.502145922747
7,145.708154506438,175.751072961373
7,146.459227467811,175
7,146.459227467811,174.248927038627
7,147.210300429185,173.497854077253
7,147.961373390558,172.74678111588
7,148.712446351931,171.995708154506
7,149.463519313305,171.244635193133
7,150.214592274678,170.49356223176
7,150.965665236052,169.742489270386
7,151.716738197425,169.742489270386
7,152.467811158798,168.991416309013
7,153.218884120172,168.240343347639
7,153.969957081545,168.240343347639
7,154.721030042918,168.240343347639
7,155.472103004292,167.489270386266
7,156.223175965665,167.489270386266
7,156.974248927039,167.489270386266
7,157.725321888412,167.489270386266
7,158.476394849785,167.489270386266
7,159.227467811159,167.489270386266
7,159.978540772532,167.489270386266
7,160.729613733906,167.489270386266
7,161.480686695279,167.489270386266
7,162.231759656652,167.489270386266
7,162.982832618026,167.489270386266
7,163.733905579399,167.489270386266
7,164.484978540773,167.489270386266
7,165.236051502146,167.489270386266
7,165.987124463519,167.489270386266
7,166.738197424893,167.489270386266
7,167.489270386266,167.489270386266
7,168.240343347639,167.489270386266
7,168.991416309013,167.489270386266
7,169.742489270386,166.738197424893
7,170.49356223176,166.738197424893
7,171.244635193133,166.738197424893
7,171.995708154506,166.738197424893
7,172.74678111588,165.987124463519
7,173.497854077253,165.987124463519
7,174.248927038627,165.987124463519
7,175,165.987124463519
7,175.751072961373,165.987124463519
7,176.502145922747,165.987124463519
7,177.25321888412,166.738197424893
7,178.004291845494,166.738197424893
7,178.755364806867,167.489270386266
7,179.50643776824,168.240343347639
7,180.257510729614,168.991416309013
7,180.257510729614,169.742489270386
7,181.008583690987,170.49356223176
7,181.008583690987,171.244635193133
7,181.008583690987,171.995708154506
7,181.759656652361,172.74678111588
7,181.759656652361,173.497854077253
7,181.759656652361,174.248927038627
7,181.759656652361,175
7,182.510729613734,175.751072961373
7,181.759656652361,176.502145922747
7,182.510729613734,177.25321888412
7,181.759656652361,178.004291845494
7,182.510729613734,178.755364806867
7,181.759656652361,179.50643776824
7,181.759656652361,180.257510729614
7,181.759656652361,181.008583690987
7,181.008583690987,181.759656652361
7,181.008583690987,182.510729613734
7,181.008583690987,183.261802575107
7,180.257510729614,184.012875536481
7,180.257510729614,184.763948497854
7,180.257510729614,185.515021459227
7,179.50643776824,186.266094420601
7,179.50643776824,187.017167381974
7,178.755364806867,187.768240343348
7,178.755364806867,188.519313304721
7,178.755364806867,189.270386266094
7,178.004291845494,190.021459227468
7,178.004291845494,190.772532188841
7,178.004291845494,191.523605150215
7,177.25321888412,192.274678111588
7,177.25321888412,193.025751072961
7,176.502145922747,193.776824034335
7,176.502145922747,194.527896995708
7,175.751072961373,195.278969957082
7,175.751072961373,196.030042918455
7,175,196.781115879828
7,174.248927038627,197.532188841202
7,174.248927038627,198.283261802575
7,173.497854077253,199.034334763948
7,172.74678111588,199.785407725322
7,171.995708154506,200.536480686695
7,171.244635193133,201.287553648069
7,170.49356223176,201.287553648069
7,169.742489270386,202.038626609442
7,168.991416309013,202.789699570815
7,168.240343347639,203.540772532189
7,167.489270386266,203.540772532189
7,166.738197424893,204.291845493562
7,165.987124463519,204.291845493562
7,165.236051502146,204.291845493562
7,164.484978540773,204.291845493562
7,163.733905579399,205.042918454936
7,162.982832618026,204.291845493562
7,162.231759656652,205.042918454936
7,161.480686695279,204.291845493562
7,160.729613733906,205.042918454936
7,159.978540772532,204.291845493562
7,159.227467811159,204.291845493562
7,158.476394849785,204.291845493562
7,157.725321888412,204.291845493562
7,156.974248927039,204.291845493562
7,156.223175965665,204.291845493562
7,155.472103004292,204.291845493562
7,154.721030042918,204.291845493562
7,153.969957081545,204.291845493562
7,153.218884120172,205.042918454936
7,152.467811158798,205.042918454936
7,151.716738197425,205.042918454936
7,150.965665236052,205.042918454936
7,150.214592274678,205.042918454936
7,149.463519313305,205.793991416309
7,148.712446351931,205.793991416309
7,147.961373390558,205.042918454936
7,147.210300429185,205.042918454936
7,146.459227467811,205.042918454936
7,145.708154506438,204.291845493562
7,144.957081545064,203.540772532189
7,144.206008583691,202.789699570815
7,144.206008583691,202.038626609442
7,143.454935622318,201.287553648069
7,143.454935622318,200.536480686695
7,142.703862660944,199.785407725322
7,142.703862660944,199.034334763948
7,141.952789699571,198.283261802575
7,141.952789699571,197.532188841202
7,141.201716738197,196.781115879828
7,140.450643776824,196.030042918455
7,140.450643776824,195.278969957082
7,139.699570815451,194.527896995708
7,139.699570815451,193.776824034335
7,138.948497854077,193.025751072961
7,138.948497854077,192.274678111588
7,138.948497854077,191.523605150215
7,138.948497854077,190.772532188841
7,138.948497854077,190.021459227468
7,138.948497854077,189.270386266094
8,138.948497854077,189.270386266094
8,139.699570815451,188.519313304721
8,139.699570815451,187.768240343348
8,140.450643776824,187.017167381974
8,141.201716738197,186.266094420601
8,141.201716738197,185.515021459227
8,141.952789699571,184.763948497854
8,142.703862660944,184.012875536481
8,143.454935622318,183.261802575107
8,144.206008583691,182.510729613734
8,144.206008583691,181.759656652361
8,144.957081545064,181.008583690987
8,144.957081545064,180.257510729614
8,145.708154506438,179.50643776824
8,145.708154506438,178.755364806867
8,145.708154506438,178.004291845494
8,146.459227467811,177.25321888412
8,146.459227467811,176.502145922747
8,146.459227467811,175.751072961373
8,147.210300429185,175
8,147.210300429185,174.248927038627
8,147.961373390558,173.497854077253
8,147.961373390558,172.74678111588
8,148.712446351931,171.995708154506
8,149.463519313305,171.244635193133
8,150.214592274678,170.49356223176
8,150.965665236052,170.49356223176
8,151.716738197425,169.742489270386
8,152.467811158798,169.742489270386
8,153.218884120172,168.991416309013
8,153.969957081545,168.240343347639
8,154.721030042918,168.240343347639
8,155.472103004292,167.489270386266
8,156.223175965665,167.489270386266
8,156.974248927039,166.738197424893
8,157.725321888412,166.738197424893
8,158.476394849785,166.738197424893
8,159.227467811159,166.738197424893
8,159.978540772532,166.738197424893
8,160.729613733906,166.738197424893
8,161.480686695279,166.738197424893
8,162.231759656652,166.738197424893
8,162.982832618026,166.738197424893
8,163.733905579399,166.738197424893
8,164.484978540773,166.738197424893
8,165.236051502146,166.738197424893
8,165.987124463519,166.738197424893
8,166.738197424893,166.738197424893
8,167.489270386266,166.738197424893
8,168.240343347639,166.738197424893
8,168.991416309013,166.738197424893
8,169.742489270386,166.738197424893
8,170.49356223176,166.738197424893
8,171.244635193133,166.738197424893
8,171.995708154506,165.987124463519
8,172.74678111588,165.987124463519
8,173.497854077253,165.987124463519
8,174.248927038627,165.987124463519
8,175,165.236051502146
8,175.751072961373,165.987124463519
8,176.502145922747,165.987124463519
8,177.25321888412,165.987124463519
8,178.004291845494,166.738197424893
8,178.755364806867,167.489270386266
8,179.50643776824,168.240343347639
8,180.257510729614,168.991416309013
8,180.257510729614,169.742489270386
8,181.008583690987,170.49356223176
8,181.008583690987,171.244635193133
8,181.008583690987,171.995708154506
8,181.759656652361,172.74678111588
8,181.759656652361,173.497854077253
8,182.510729613734,174.248927038627
8,182.510729613734,175
8,182.510729613734,175.751072961373
8,182.510729613734,176.502145922747
8,182.510729613734,177.25321888412
8,182.510729613734,178.004291845494
8,182.510729613734,178.755364806867
8,182.510729613734,179.50643776824
8,182.510729613734,180.257510729614
8,182.510729613734,181.008583690987
8,181.759656652361,181.759656652361
8,181.759656652361,182.510729613734
8,181.008583690987,183.261802575107
8,181.008583690987,184.012875536481
8,180.257510729614,184.763948497854
8,180.257510729614,185.515021459227
8,179.50643776824,186.266094420601
8,179.50643776824,187.017167381974
8,178.755364806867,187.768240343348
8,178.755364806867,188.519313304721
8,178.004291845494,189.270386266094
8,178.004291845494,190.021459227468
8,177.25321888412,190.772532188841
8,177.25321888412,191.523605150215
8,176.502145922747,192.274678111588
8,176.502145922747,193.025751072961
8,176.502145922747,193.776824034335
8,175.751072961373,194.527896995708
8,175.751072961373,195.278969957082
8,175,196.030042918455
8,175,196.781115879828
8,174.248927038627,197.532188841202
8,173.497854077253,198.283261802575
8,172.74678111588,199.034334763948
8,172.74678111588,199.785407725322
8,171.995708154506,200.536480686695
8,171.244635193133,201.287553648069
8,170.49356223176,202.038626609442
8,169.742489270386,202.789699570815
8,168.991416309013,203.540772532189
8,168.240343347639,203.540772532189
8,167.489270386266,204.291845493562
8,166.738197424893,204.291845493562
8,165.987124463519,204.291845493562
8,165.236051502146,204.291845493562
8,164.484978540773,204.291845493562
8,163.733905579399,204.291845493562
8,162.982832618026,204.291845493562
8,162.231759656652,204.291845493562
8,161.480686695279,204.291845493562
8,160.729613733906,204.291845493562
8,159.978540772532,203.540772532189
8,159.227467811159,204.291845493562
8,158.476394849785,204.291845493562
8,157.725321888412,204.291845493562
8,156.974248927039,204.291845493562
8,156.223175965665,205.042918454936
8,155.472103004292,204.291845493562
8,154.721030042918,205.042918454936
8,153.969957081545,205.042918454936
8,153.218884120172,205.042918454936
8,152.467811158798,205.042918454936
8,151.716738197425,205.793991416309
8,150.965665236052,205.793991416309
8,150.214592274678,205.793991416309
8,149.463519313305,205.793991416309
8,148.712446351931,205.793991416309
8,147.961373390558,205.793991416309
8,147.210300429185,205.042918454936
8,146.459227467811,205.042918454936
8,145.708154506438,204.291845493562
8,144.957081545064,203.540772532189
8,144.206008583691,202.789699570815
8,143.454935622318,202.038626609442
8,143.454935622318,201.287553648069
8,142.703862660944,200.536480686695
8,142.703862660944,199.785407725322
8,141.952789699571,199.034334763948
8,141.952789699571,198.283261802575
8,141.201716738197,197.532188841202
8,141.201716738197,196.781115879828
8,140.450643776824,196.030042918455
8,140.450643776824,195.278969957082
8,139.699570815451,194.527896995708
8,139.699570815451,193.776824034335
8,138.948497854077,193.025751072961
8,138.948497854077,192.274678111588
8,138.948497854077,191.523605150215
8,138.948497854077,190.772532188841
8,138.948497854077,190.021459227468
8,138.948497854077,189.270386266094
9,138.197424892704,189.270386266094
9,138.948497854077,188.519313304721
9,138.948497854077,187.768240343348
9,139.699570815451,187.017167381974
9,139.699570815451,186.266094420601
9,140.450643776824,185.515021459227
9,141.201716738197,184.763948497854
9,141.201716738197,184.012875536481
9,141.952789699571,183.261802575107
9,142.703862660944,182.510729613734
9,142.703862660944,181.759656652361
9,143.454935622318,181.008583690987
9,143.454935622318,180.257510729614
9,144.206008583691,179.50643776824
9,144.206008583691,178.755364806867
9,144.957081545064,178.004291845494
9,144.957081545064,177.25321888412
9,145.708154506438,176.502145922747
9,145.708154506438,175.751072961373
9,145.708154506438,175
9,146.459227467811,174.248927038627
9,146.459227467811,173.497854077253
9,147.210300429185,172.74678111588
9,147.961373390558,171.995708154506
9,148.712446351931,171.244635193133
9,149.463519313305,170.49356223176
9,150.214592274678,169.742489270386
9,150.965665236052,169.742489270386
9,151.716738197425,168.991416309013
9,152.467811158798,168.240343347639
9,153.218884120172,168.240343347639
9,153.969957081545,167.489270386266
9,154.721030042918,166.738197424893
9,155.472103004292,166.738197424893
9,156.223175965665,166.738197424893
9,156.974248927039,165.987124463519
9,157.725321888412,165.987124463519
9,158.476394849785,165.987124463519
9,159.227467811159,165.987124463519
9,159.978540772532,165.987124463519
9,160.729613733906,165.987124463519
9,161.480686695279,166.738197424893
9,162.231759656652,166.738197424893
9,162.982832618026,166.738197424893
9,163.733905579399,166.738197424893
9,164.484978540773,167.489270386266
9,165.236051502146,167.489270386266
9,165.987124463519,167.489270386266
9,166.738197424893,167.489270386266
9,167.489270386266,167.489270386266
9,168.240343347639,167.489270386266
9,168.991416309013,167.489270386266
9,169.742489270386,167.489270386266
9,170.49356223176,167.489270386266
9,171.244635193133,167.489270386266
9,171.995708154506,167.489270386266
9,172.74678111588,167.489270386266
9,173.497854077253,167.489270386266
9,174.248927038627,167.489270386266
9,175,167.489270386266
9,175.751072961373,167.489270386266
9,176.502145922747,168.240343347639
9,177.25321888412,168.240343347639
9,178.004291845494,168.991416309013
9,178.755364806867,168.991416309013
9,178.755364806867,169.742489270386
9,179.50643776824,170.49356223176
9,180.257510729614,171.244635193133
9,181.008583690987,171.995708154506
9,181.759656652361,172.74678111588
9,181.759656652361,173.497854077253
9,182.510729613734,174.248927038627
9,182.510729613734,175
9,183.261802575107,175.751072961373
9,183.261802575107,176.502145922747
9,183.261802575107,177.25321888412
9,183.261802575107,178.004291845494
9,183.261802575107,178.755364806867
9,183.261802575107,179.50643776824
9,183.261802575107,180.257510729614
9,183.261802575107,181.008583690987
9,183.261802575107,181.759656652361
9,182.510729613734,182.510729613734
9,182.510729613734,183.261802575107
9,181.759656652361,184.012875536481
9,181.759656652361,184.763948497854
9,181.008583690987,185.515021459227
9,180.257510729614,186.266094420601
9,179.50643776824,187.017167381974
9,179.50643776824,187.768240343348
9,178.755364806867,188.519313304721
9,178.755364806867,189.270386266094
9,178.004291845494,190.021459227468
9,178.004291845494,190.772532188841
9,178.004291845494,191.523605150215
9,177.25321888412,192.274678111588
9,177.25321888412,193.025751072961
9,177.25321888412,193.776824034335
9,176.502145922747,194.527896995708
9,176.502145922747,195.278969957082
9,175.751072961373,196.030042918455
9,175,196.781115879828
9,175,197.532188841202
9,174.248927038627,198.283261802575
9,173.497854077253,199.034334763948
9,172.74678111588,199.785407725322
9,171.995708154506,200.536480686695
9,171.244635193133,201.287553648069
9,170.49356223176,202.038626609442
9,169.742489270386,202.038626609442
9,168.991416309013,202.789699570815
9,168.240343347639,202.789699570815
9,167.489270386266,203.540772532189
9,166.738197424893,203.540772532189
9,165.987124463519,203.540772532189
9,165.236051502146,203.540772532189
9,164.484978540773,203.540772532189
9,163.733905579399,203.540772532189
9,162.982832618026,203.540772532189
9,162.231759656652,203.540772532189
9,161.480686695279,203.540772532189
9,160.729613733906,203.540772532189
9,159.978540772532,203.540772532189
9,159.227467811159,202.789699570815
9,158.476394849785,203.540772532189
9,157.725321888412,202.789699570815
9,156.974248927039,203.540772532189
9,156.223175965665,202.789699570815
9,155.472103004292,203.540772532189
9,154.721030042918,203.540772532189
9,153.969957081545,203.540772532189
9,153.218884120172,203.540772532189
9,152.467811158798,204.291845493562
9,151.716738197425,204.291845493562
9,150.965665236052,204.291845493562
9,150.214592274678,204.291845493562
9,149.463519313305,205.042918454936
9,148.712446351931,205.042918454936
9,147.961373390558,205.042918454936
9,147.210300429185,204.291845493562
9,146.459227467811,204.291845493562
9,145.708154506438,204.291845493562
9,144.957081545064,203.540772532189
9,144.206008583691,202.789699570815
9,143.454935622318,202.038626609442
9,142.703862660944,201.287553648069
9,142.703862660944,200.536480686695
9,141.952789699571,199.785407725322
9,141.201716738197,199.034334763948
9,141.201716738197,198.283261802575
9,140.450643776824,197.532188841202
9,140.450643776824,196.781115879828
9,139.699570815451,196.030042918455
9,138.948497854077,195.278969957082
9,138.948497854077,194.527896995708
9,138.948497854077,193.776824034335
9,138.197424892704,193.025751072961
9,138.197424892704,192.274678111588
9,138.197424892704,191.523605150215
9,138.197424892704,190.772532188841
9,138.197424892704,190.021459227468
9,138.197424892704,189.270386266094
10,137.44635193133,191.523605150215
10,138.197424892704,190.772532188841
10,138.197424892704,190.021459227468
10,138.948497854077,189.270386266094
10,138.948497854077,188.519313304721
10,139.699570815451,187.768240343348
10,140.450643776824,187.017167381974
10,140.450643776824,186.266094420601
10,141.201716738197,185.515021459227
10,141.952789699571,184.763948497854
10,141.952789699571,184.012875536481
10,142.703862660944,183.261802575107
10,143.454935622318,182.510729613734
10,143.454935622318,181.759656652361
10,144.206008583691,181.008583690987
10,144.206008583691,180.257510729614
10,144.957081545064,179.50643776824
10,144.957081545064,178.755364806867
10,144.957081545064,178.004291845494
10,144.957081545064,177.25321888412
10,145.708154506438,176.502145922747
10,144.957081545064,175.751072961373
10,145.708154506438,175
10,145.708154506438,174.248927038627
10,146.459227467811,173.497854077253
10,146.459227467811,172.74678111588
10,147.210300429185,171.995708154506
10,147.961373390558,171.244635193133
10,148.712446351931,170.49356223176
10,149.463519313305,169.742489270386
10,150.214592274678,169.742489270386
10,150.965665236052,168.991416309013
10,151.716738197425,168.240343347639
10,152.467811158798,168.240343347639
10,153.218884120172,167.489270386266
10,153.969957081545,167.489270386266
10,154.721030042918,166.738197424893
10,155.472103004292,166.738197424893
10,156.223175965665,165.987124463519
10,156.974248927039,165.987124463519
10,157.725321888412,165.987124463519
10,158.476394849785,165.987124463519
10,159.227467811159,165.987124463519
10,159.978540772532,165.987124463519
10,160.729613733906,165.987124463519
10,161.480686695279,165.987124463519
10,162.231759656652,166.738197424893
10,162.982832618026,166.738197424893
10,163.733905579399,166.738197424893
10,164.484978540773,167.489270386266
10,165.236051502146,167.489270386266
10,165.987124463519,167.489270386266
10,166.738197424893,167.489270386266
10,167.489270386266,168.240343347639
10,168.240343347639,167.489270386266
10,168.991416309013,167.489270386266
10,169.742489270386,167.489270386266
10,170.49356223176,166.738197424893
10,171.244635193133,166.738197424893
10,171.995708154506,166.738197424893
10,172.74678111588,165.987124463519
10,173.497854077253,165.987124463519
10,174.248927038627,165.236051502146
10,175,165.236051502146
10,175.751072961373,165.236051502146
10,176.502145922747,165.236051502146
10,177.25321888412,165.987124463519
10,178.004291845494,165.987124463519
10,178.755364806867,166.738197424893
10,179.50643776824,167.489270386266
10,179.50643776824,168.240343347639
10,180.257510729614,168.991416309013
10,181.008583690987,169.742489270386
10,181.008583690987,170.49356223176
10,181.759656652361,171.244635193133
10,181.759656652361,171.995708154506
10,182.510729613734,172.74678111588
10,182.510729613734,173.497854077253
10,182.510729613734,174.248927038627
10,182.510729613734,175
10,183.261802575107,175.751072961373
10,183.261802575107,176.502145922747
10,183.261802575107,177.25321888412
10,183.261802575107,178.004291845494
10,183.261802575107,178.755364806867
10,183.261802575107,179.50643776824
10,183.261802575107,180.257510729614
10,182.510729613734,181.008583690987
10,182.510729613734,181.759656652361
10,181.759656652361,182.510729613734
10,181.759656652361,183.261802575107
10,181.008583690987,184.012875536481
10,180.257510729614,184.763948497854
10,180.257510729614,185.515021459227
10,179.50643776824,186.266094420601
10,178.755364806867,187.017167381974
10,178.755364806867,187.768240343348
10,178.004291845494,188.519313304721
10,178.004291845494,189.270386266094
10,177.25321888412,190.021459227468
10,177.25321888412,190.772532188841
10,176.502145922747,191.523605150215
10,176.502145922747,192.274678111588
10,175.751072961373,193.025751072961
10,175.751072961373,193.776824034335
10,175,194.527896995708
10,174.248927038627,195.278969957082
10,173.497854077253,196.030042918455
10,172.74678111588,196.781115879828
10,171.995708154506,197.532188841202
10,171.995708154506,198.283261802575
10,171.244635193133,199.034334763948
10,170.49356223176,199.785407725322
10,169.742489270386,200.536480686695
10,168.991416309013,201.287553648069
10,168.240343347639,202.038626609442
10,167.489270386266,202.789699570815
10,166.738197424893,202.789699570815
10,165.987124463519,203.540772532189
10,165.236051502146,203.540772532189
10,164.484978540773,203.540772532189
10,163.733905579399,204.291845493562
10,162.982832618026,203.540772532189
10,162.231759656652,204.291845493562
10,161.480686695279,203.540772532189
10,160.729613733906,204.291845493562
10,159.978540772532,204.291845493562
10,159.227467811159,204.291845493562
10,158.476394849785,204.291845493562
10,157.725321888412,204.291845493562
10,156.974248927039,204.291845493562
10,156.223175965665,205.042918454936
10,155.472103004292,205.042918454936
10,154.721030042918,205.042918454936
10,153.969957081545,205.042918454936
10,153.218884120172,205.793991416309
10,152.467811158798,205.793991416309
10,151.716738197425,205.793991416309
10,150.965665236052,205.793991416309
10,150.214592274678,205.793991416309
10,149.463519313305,205.793991416309
10,148.712446351931,205.793991416309
10,147.961373390558,205.793991416309
10,147.210300429185,205.793991416309
10,146.459227467811,205.042918454936
10,145.708154506438,205.042918454936
10,144.957081545064,204.291845493562
10,144.206008583691,203.540772532189
10,143.454935622318,202.789699570815
10,142.703862660944,202.038626609442
10,141.952789699571,201.287553648069
10,141.952789699571,200.536480686695
10,141.201716738197,199.785407725322
10,140.450643776824,199.034334763948
10,139.699570815451,198.283261802575
10,139.699570815451,197.532188841202
10,138.948497854077,196.781115879828
10,138.197424892704,196.030042918455
10,138.197424892704,195.278969957082
10,137.44635193133,194.527896995708
10,138.197424892704,193.776824034335
10,137.44635193133,193.025751072961
10,138.197424892704,192.274678111588
10,137.44635193133,191.523605150215
